date,global,north,south
185001,-0.46,-0.76,-0.15
185002,-0.21,-0.30,-0.12
185003,-0.22,-0.27,-0.16
185004,-0.36,-0.62,-0.09
185005,-0.30,-0.51,-0.09
185006,-0.08,-0.18,0.01
185007,-0.04,-0.08,0.01
185008,0.00,-0.01,0.02
185009,-0.10,-0.15,-0.05
185010,-0.34,-0.54,-0.14
185011,-0.20,-0.35,-0.05
185012,-0.04,-0.06,-0.02
185101,-0.17,-0.35,0.00
185102,-0.07,-0.10,-0.04
185103,-0.24,-0.45,-0.04
185104,-0.35,-0.46,-0.24
185105,-0.27,-0.28,-0.27
185106,-0.14,-0.19,-0.09
185107,0.06,0.04,0.09
185108,0.10,-0.05,0.24
185109,0.04,-0.06,0.15
185110,0.12,0.12,0.13
185111,-0.09,-0.20,0.03
185112,-0.06,-0.03,-0.09
185201,-0.02,0.10,-0.14
185202,-0.24,-0.21,-0.26
185203,-0.41,-0.60,-0.21
185204,-0.33,-0.42,-0.23
185205,-0.11,-0.10,-0.11
185206,0.11,0.08,0.14
185207,0.07,0.07,0.07
185208,0.13,0.10,0.15
185209,0.07,0.05,0.08
185210,0.06,-0.03,0.15
185211,0.03,-0.15,0.21
185212,0.01,-0.01,0.04
185301,-0.12,-0.15,-0.10
185302,-0.25,-0.31,-0.19
185303,-0.22,-0.31,-0.12
185304,-0.28,-0.32,-0.24
185305,-0.10,-0.08,-0.11
185306,0.00,0.00,0.01
185307,0.11,0.12,0.11
185308,0.02,-0.01,0.05
185309,-0.07,-0.13,0.00
185310,-0.12,-0.18,-0.06
185311,-0.17,-0.24,-0.10
185312,-0.10,0.01,-0.21
185401,-0.28,-0.41,-0.15
185402,-0.19,-0.19,-0.19
185403,-0.02,0.04,-0.09
185404,-0.13,-0.09,-0.17
185405,-0.10,-0.12,-0.08
185406,-0.07,-0.11,-0.03
185407,-0.01,0.07,-0.08
185408,-0.06,0.02,-0.14
185409,-0.05,-0.02,-0.08
185410,0.05,0.15,-0.05
185411,0.01,0.18,-0.16
185412,0.04,0.21,-0.13
185501,-0.08,0.00,-0.16
185502,-0.08,-0.02,-0.14
185503,-0.05,0.03,-0.14
185504,-0.08,0.06,-0.22
185505,-0.09,-0.06,-0.13
185506,-0.07,-0.07,-0.07
185507,-0.13,-0.17,-0.08
185508,-0.10,-0.19,-0.01
185509,-0.09,-0.17,0.00
185510,0.00,-0.01,0.01
185511,-0.09,-0.13,-0.05
185512,-0.11,-0.20,-0.03
185601,0.18,0.36,0.00
185602,-0.02,0.01,-0.05
185603,-0.12,-0.15,-0.09
185604,-0.21,-0.23,-0.18
185605,-0.22,-0.23,-0.21
185606,-0.03,-0.07,0.02
185607,-0.14,-0.23,-0.05
185608,-0.26,-0.47,-0.06
185609,-0.23,-0.32,-0.13
185610,-0.41,-0.59,-0.23
185611,-0.21,-0.27,-0.15
185612,-0.12,-0.01,-0.22
185701,-0.15,-0.05,-0.24
185702,-0.34,-0.32,-0.37
185703,-0.18,-0.06,-0.29
185704,-0.29,-0.38,-0.19
185705,-0.35,-0.42,-0.28
185706,-0.19,-0.26,-0.12
185707,-0.16,-0.21,-0.12
185708,-0.17,-0.25,-0.09
185709,-0.18,-0.29,-0.07
185710,-0.20,-0.34,-0.07
185711,-0.16,-0.22,-0.09
185712,0.02,0.20,-0.15
185801,-0.13,-0.10,-0.15
185802,-0.23,-0.24,-0.21
185803,-0.11,-0.14,-0.08
185804,-0.18,-0.17,-0.19
185805,-0.38,-0.51,-0.25
185806,-0.18,-0.32,-0.04
185807,-0.15,-0.28,-0.01
185808,-0.15,-0.34,0.05
185809,-0.21,-0.43,0.00
185810,-0.13,-0.18,-0.09
185811,-0.16,-0.19,-0.13
185812,-0.20,-0.24,-0.17
185901,-0.15,-0.15,-0.16
185902,-0.06,-0.03,-0.09
185903,-0.01,0.12,-0.14
185904,-0.04,0.10,-0.17
185905,0.03,0.07,-0.01
185906,-0.04,0.01,-0.08
185907,-0.14,-0.18,-0.10
185908,-0.02,-0.02,-0.02
185909,-0.14,-0.20,-0.09
185910,-0.14,-0.22,-0.05
185911,-0.07,-0.06,-0.08
185912,0.13,0.08,0.18
186001,-0.13,-0.29,0.03
186002,-0.19,-0.38,0.00
186003,-0.21,-0.44,0.02
186004,-0.21,-0.27,-0.14
186005,-0.26,-0.26,-0.27
186006,-0.14,-0.17,-0.12
186007,-0.22,-0.40,-0.04
186008,-0.17,-0.39,0.05
186009,-0.24,-0.37,-0.12
186010,-0.28,-0.39,-0.16
186011,-0.28,-0.27,-0.30
186012,-0.46,-0.60,-0.31
186101,-0.62,-0.87,-0.38
186102,-0.52,-0.69,-0.34
186103,-0.28,-0.30,-0.27
186104,-0.32,-0.37,-0.27
186105,-0.39,-0.46,-0.31
186106,-0.25,-0.27,-0.23
186107,-0.16,-0.09,-0.22
186108,-0.14,-0.17,-0.11
186109,-0.13,-0.21,-0.06
186110,-0.28,-0.45,-0.11
186111,-0.10,-0.13,-0.08
186112,-0.24,-0.37,-0.11
186201,-0.44,-0.68,-0.20
186202,-0.48,-0.70,-0.27
186203,-0.37,-0.63,-0.10
186204,-0.42,-0.73,-0.11
186205,-0.41,-0.61,-0.21
186206,-0.22,-0.39,-0.06
186207,-0.28,-0.39,-0.17
186208,-0.28,-0.33,-0.24
186209,-0.28,-0.36,-0.20
186210,-0.36,-0.62,-0.11
186211,-0.22,-0.42,-0.02
186212,-0.45,-0.78,-0.12
186301,-0.13,-0.13,-0.13
186302,-0.25,-0.36,-0.14
186303,-0.13,-0.14,-0.13
186304,-0.16,-0.12,-0.19
186305,-0.24,-0.24,-0.24
186306,-0.18,-0.23,-0.13
186307,-0.24,-0.30,-0.17
186308,-0.21,-0.25,-0.16
186309,-0.31,-0.40,-0.21
186310,-0.28,-0.42,-0.15
186311,-0.18,-0.14,-0.22
186312,-0.20,-0.33,-0.07
186401,-0.33,-0.52,-0.15
186402,-0.25,-0.34,-0.17
186403,-0.21,-0.27,-0.14
186404,-0.20,-0.27,-0.13
186405,-0.11,-0.04,-0.17
186406,-0.03,0.07,-0.14
186407,-0.10,-0.03,-0.17
186408,-0.22,-0.26,-0.18
186409,-0.27,-0.39,-0.14
186410,-0.29,-0.43,-0.15
186411,-0.17,-0.31,-0.03
186412,-0.27,-0.52,-0.02
186501,0.14,0.29,0.00
186502,-0.22,-0.40,-0.05
186503,-0.22,-0.44,-0.01
186504,-0.27,-0.45,-0.08
186505,-0.24,-0.35,-0.13
186506,-0.05,-0.07,-0.02
186507,0.00,-0.01,0.01
186508,0.03,0.01,0.04
186509,-0.01,0.00,-0.03
186510,-0.07,-0.02,-0.11
186511,-0.07,-0.08,-0.06
186512,-0.06,-0.12,0.01
186601,0.02,0.09,-0.06
186602,0.02,0.07,-0.04
186603,-0.14,-0.29,0.00
186604,-0.18,-0.37,0.00
186605,-0.18,-0.26,-0.10
186606,-0.12,-0.17,-0.08
186607,-0.01,-0.01,0.00
186608,-0.18,-0.26,-0.11
186609,-0.13,-0.13,-0.14
186610,-0.19,-0.38,0.00
186611,-0.13,-0.15,-0.12
186612,-0.01,0.17,-0.19
186701,-0.17,-0.23,-0.11
186702,-0.31,-0.50,-0.11
186703,-0.26,-0.44,-0.08
186704,-0.41,-0.69,-0.13
186705,-0.36,-0.65,-0.08
186706,-0.14,-0.19,-0.08
186707,-0.19,-0.23,-0.14
186708,-0.04,-0.06,-0.03
186709,-0.02,-0.10,0.06
186710,-0.11,-0.22,0.00
186711,-0.08,0.00,-0.16
186712,-0.20,-0.23,-0.17
186801,-0.38,-0.55,-0.20
186802,-0.25,-0.32,-0.17
186803,-0.08,-0.16,0.00
186804,-0.21,-0.33,-0.08
186805,-0.12,-0.09,-0.15
186806,-0.03,-0.02,-0.04
186807,-0.08,-0.07,-0.10
186808,-0.02,-0.07,0.04
186809,-0.09,-0.22,0.03
186810,-0.05,-0.21,0.10
186811,-0.29,-0.49,-0.09
186812,-0.06,-0.13,0.02
186901,0.03,0.06,0.01
186902,0.11,0.24,-0.02
186903,-0.04,-0.08,-0.01
186904,-0.17,-0.27,-0.07
186905,-0.05,-0.05,-0.05
186906,-0.05,0.00,-0.10
186907,-0.09,-0.01,-0.16
186908,-0.15,-0.02,-0.28
186909,-0.16,-0.07,-0.24
186910,-0.20,-0.22,-0.17
186911,0.05,0.11,-0.02
186912,-0.05,-0.12,0.02
187001,-0.16,-0.33,0.02
187002,-0.28,-0.41,-0.15
187003,-0.14,-0.15,-0.13
187004,-0.21,-0.27,-0.15
187005,-0.14,-0.08,-0.20
187006,-0.04,0.04,-0.12
187007,-0.02,0.04,-0.08
187008,-0.02,-0.06,0.03
187009,-0.12,-0.04,-0.19
187010,-0.27,-0.33,-0.21
187011,-0.24,-0.31,-0.18
187012,-0.35,-0.58,-0.11
187101,-0.35,-0.60,-0.10
187102,-0.32,-0.60,-0.05
187103,-0.02,0.04,-0.08
187104,-0.01,0.03,-0.04
187105,-0.13,-0.14,-0.12
187106,0.01,-0.01,0.02
187107,-0.02,-0.04,0.00
187108,-0.08,-0.08,-0.09
187109,-0.22,-0.29,-0.14
187110,-0.28,-0.39,-0.16
187111,-0.29,-0.57,-0.02
187112,-0.19,-0.40,0.02
187201,-0.27,-0.46,-0.08
187202,-0.27,-0.42,-0.12
187203,-0.16,-0.24,-0.08
187204,-0.31,-0.40,-0.22
187205,-0.18,-0.17,-0.19
187206,-0.12,-0.22,-0.02
187207,-0.10,-0.07,-0.13
187208,-0.01,-0.02,0.00
187209,-0.11,-0.14,-0.08
187210,-0.21,-0.34,-0.08
187211,-0.28,-0.45,-0.11
187212,-0.30,-0.50,-0.10
187301,-0.21,-0.34,-0.08
187302,-0.22,-0.28,-0.16
187303,-0.40,-0.48,-0.31
187304,-0.43,-0.55,-0.30
187305,-0.24,-0.17,-0.31
187306,-0.10,-0.10,-0.09
187307,-0.07,-0.07,-0.08
187308,-0.04,-0.08,0.00
187309,-0.11,-0.22,0.01
187310,-0.12,-0.11,-0.14
187311,-0.21,-0.19,-0.23
187312,-0.20,-0.18,-0.22
187401,-0.21,-0.22,-0.20
187402,-0.21,-0.22,-0.19
187403,-0.38,-0.48,-0.28
187404,-0.29,-0.33,-0.26
187405,-0.35,-0.18,-0.53
187406,-0.16,-0.15,-0.18
187407,-0.23,-0.26,-0.21
187408,-0.20,-0.23,-0.18
187409,-0.14,-0.06,-0.22
187410,-0.18,-0.28,-0.08
187411,-0.30,-0.33,-0.27
187412,-0.09,-0.03,-0.14
187501,-0.13,-0.23,-0.03
187502,-0.21,-0.36,-0.07
187503,-0.21,-0.31,-0.11
187504,-0.19,-0.36,-0.01
187505,-0.21,-0.29,-0.13
187506,-0.10,-0.06,-0.14
187507,-0.09,-0.08,-0.10
187508,-0.16,-0.22,-0.10
187509,-0.21,-0.37,-0.06
187510,-0.22,-0.36,-0.07
187511,-0.41,-0.63,-0.20
187512,-0.46,-0.72,-0.21
187601,-0.23,-0.33,-0.12
187602,-0.41,-0.57,-0.26
187603,-0.19,-0.29,-0.08
187604,-0.30,-0.40,-0.20
187605,-0.48,-0.62,-0.35
187606,-0.12,0.03,-0.28
187607,-0.17,-0.11,-0.23
187608,-0.18,-0.11,-0.24
187609,-0.19,-0.22,-0.15
187610,-0.11,-0.10,-0.11
187611,-0.29,-0.33,-0.25
187612,-0.25,-0.37,-0.12
187701,-0.09,-0.16,-0.03
187702,-0.07,-0.16,0.03
187703,0.10,0.14,0.06
187704,-0.03,-0.08,0.01
187705,0.03,0.12,-0.07
187706,0.10,0.22,-0.01
187707,0.29,0.36,0.22
187708,0.15,0.21,0.08
187709,0.18,0.22,0.14
187710,0.26,0.29,0.23
187711,0.33,0.43,0.23
187712,0.15,0.08,0.22
187801,0.14,0.04,0.24
187802,0.21,0.18,0.24
187803,0.42,0.63,0.21
187804,0.15,0.21,0.10
187805,0.05,0.09,0.01
187806,0.24,0.40,0.08
187807,0.22,0.27,0.17
187808,0.09,0.14,0.05
187809,0.10,0.07,0.14
187810,-0.06,-0.22,0.09
187811,-0.08,-0.17,0.00
187812,-0.02,0.02,-0.07
187901,-0.05,-0.02,-0.08
187902,-0.14,-0.17,-0.11
187903,-0.04,0.05,-0.13
187904,-0.15,-0.13,-0.16
187905,-0.09,-0.05,-0.14
187906,-0.07,-0.06,-0.08
187907,-0.01,0.00,-0.01
187908,-0.16,-0.34,0.02
187909,-0.17,-0.24,-0.09
187910,-0.20,-0.27,-0.13
187911,-0.28,-0.43,-0.14
187912,-0.32,-0.62,-0.02
188001,-0.30,-0.57,-0.04
188002,-0.39,-0.72,-0.06
188003,-0.15,-0.30,0.00
188004,-0.10,-0.19,0.00
188005,-0.12,-0.10,-0.14
188006,-0.12,-0.07,-0.16
188007,-0.20,-0.22,-0.18
188008,-0.04,-0.18,0.11
188009,-0.14,-0.23,-0.05
188010,-0.24,-0.35,-0.12
188011,-0.20,-0.32,-0.09
188012,-0.12,-0.20,-0.03
188101,-0.11,-0.14,-0.07
188102,-0.13,-0.14,-0.13
188103,-0.05,-0.13,0.04
188104,0.03,0.02,0.05
188105,0.07,0.01,0.13
188106,-0.15,-0.29,-0.01
188107,0.00,0.08,-0.08
188108,-0.08,-0.12,-0.05
188109,-0.19,-0.32,-0.06
188110,-0.27,-0.53,0.00
188111,-0.27,-0.53,-0.02
188112,0.00,-0.08,0.08
188201,0.10,0.15,0.04
188202,-0.09,-0.23,0.05
188203,-0.06,-0.19,0.08
188204,-0.20,-0.42,0.02
188205,-0.10,-0.18,-0.02
188206,-0.24,-0.36,-0.12
188207,-0.21,-0.36,-0.07
188208,-0.11,-0.22,0.00
188209,-0.16,-0.26,-0.06
188210,-0.30,-0.64,0.04
188211,-0.26,-0.45,-0.07
188212,-0.27,-0.44,-0.09
188301,-0.18,-0.29,-0.07
188302,-0.33,-0.48,-0.18
188303,-0.11,-0.07,-0.14
188304,-0.20,-0.33,-0.08
188305,-0.15,-0.25,-0.05
188306,0.05,-0.01,0.11
188307,-0.08,-0.15,-0.02
188308,-0.24,-0.34,-0.14
188309,-0.27,-0.41,-0.13
188310,-0.27,-0.47,-0.07
188311,-0.26,-0.43,-0.09
188312,-0.23,-0.30,-0.15
188401,-0.22,-0.26,-0.17
188402,-0.14,-0.14,-0.14
188403,-0.41,-0.59,-0.23
188404,-0.40,-0.62,-0.17
188405,-0.31,-0.41,-0.21
188406,-0.26,-0.36,-0.16
188407,-0.33,-0.44,-0.21
188408,-0.30,-0.57,-0.03
188409,-0.34,-0.54,-0.13
188410,-0.38,-0.61,-0.15
188411,-0.38,-0.59,-0.18
188412,-0.09,0.06,-0.24
188501,-0.40,-0.61,-0.19
188502,-0.28,-0.36,-0.20
188503,-0.36,-0.34,-0.39
188504,-0.42,-0.56,-0.29
188505,-0.28,-0.41,-0.15
188506,-0.37,-0.36,-0.37
188507,-0.26,-0.26,-0.26
188508,-0.19,-0.28,-0.10
188509,-0.28,-0.40,-0.16
188510,-0.26,-0.40,-0.11
188511,-0.27,-0.42,-0.13
188512,-0.07,-0.04,-0.09
188601,-0.30,-0.44,-0.15
188602,-0.36,-0.50,-0.23
188603,-0.45,-0.69,-0.22
188604,-0.25,-0.39,-0.12
188605,-0.25,-0.36,-0.14
188606,-0.28,-0.33,-0.22
188607,-0.19,-0.13,-0.24
188608,-0.22,-0.37,-0.08
188609,-0.26,-0.41,-0.11
188610,-0.31,-0.44,-0.18
188611,-0.32,-0.49,-0.14
188612,-0.20,-0.08,-0.32
188701,-0.64,-0.92,-0.36
188702,-0.45,-0.48,-0.42
188703,-0.36,-0.41,-0.30
188704,-0.33,-0.34,-0.33
188705,-0.33,-0.31,-0.35
188706,-0.25,-0.23,-0.26
188707,-0.27,-0.31,-0.22
188708,-0.26,-0.41,-0.11
188709,-0.18,-0.17,-0.20
188710,-0.38,-0.54,-0.22
188711,-0.28,-0.31,-0.25
188712,-0.35,-0.48,-0.22
188801,-0.15,-0.09,-0.21
188802,-0.28,-0.41,-0.15
188803,-0.29,-0.38,-0.20
188804,-0.26,-0.35,-0.18
188805,-0.17,-0.18,-0.15
188806,-0.08,0.00,-0.16
188807,-0.01,0.07,-0.09
188808,-0.09,-0.14,-0.03
188809,-0.16,-0.22,-0.09
188810,0.11,0.13,0.09
188811,0.07,0.01,0.13
188812,0.04,-0.02,0.11
188901,0.06,0.04,0.09
188902,0.23,0.37,0.08
188903,0.09,0.01,0.16
188904,0.06,0.05,0.08
188905,0.09,0.04,0.13
188906,-0.02,-0.03,-0.01
188907,-0.07,-0.02,-0.13
188908,-0.10,-0.05,-0.15
188909,-0.14,-0.18,-0.09
188910,-0.19,-0.36,-0.02
188911,-0.31,-0.57,-0.06
188912,-0.25,-0.50,-0.01
189001,-0.34,-0.45,-0.22
189002,-0.36,-0.41,-0.31
189003,-0.36,-0.39,-0.33
189004,-0.39,-0.39,-0.39
189005,-0.30,-0.36,-0.23
189006,-0.26,-0.24,-0.28
189007,-0.26,-0.24,-0.27
189008,-0.32,-0.41,-0.24
189009,-0.40,-0.51,-0.30
189010,-0.26,-0.19,-0.33
189011,-0.44,-0.69,-0.20
189012,-0.33,-0.52,-0.15
189101,-0.29,-0.36,-0.21
189102,-0.52,-0.73,-0.31
189103,-0.21,-0.22,-0.20
189104,-0.23,-0.27,-0.18
189105,-0.14,-0.24,-0.03
189106,-0.10,-0.10,-0.10
189107,-0.12,-0.02,-0.22
189108,-0.17,-0.11,-0.23
189109,-0.20,-0.13,-0.26
189110,-0.20,-0.24,-0.16
189111,-0.37,-0.63,-0.12
189112,-0.15,-0.20,-0.09
189201,-0.19,-0.29,-0.08
189202,-0.10,-0.14,-0.06
189203,-0.24,-0.35,-0.12
189204,-0.27,-0.37,-0.16
189205,-0.32,-0.42,-0.22
189206,-0.22,-0.23,-0.20
189207,-0.32,-0.36,-0.29
189208,-0.28,-0.33,-0.22
189209,-0.20,-0.26,-0.14
189210,-0.29,-0.54,-0.05
189211,-0.39,-0.75,-0.02
189212,-0.31,-0.46,-0.17
189301,-0.54,-0.93,-0.16
189302,-0.47,-0.80,-0.14
189303,-0.38,-0.58,-0.18
189304,-0.33,-0.38,-0.28
189305,-0.33,-0.43,-0.22
189306,-0.18,-0.19,-0.16
189307,-0.21,-0.19,-0.22
189308,-0.24,-0.31,-0.17
189309,-0.29,-0.40,-0.17
189310,-0.28,-0.47,-0.09
189311,-0.33,-0.56,-0.10
189312,-0.41,-0.67,-0.14
189401,-0.53,-0.85,-0.22
189402,-0.45,-0.65,-0.26
189403,-0.33,-0.42,-0.24
189404,-0.42,-0.51,-0.32
189405,-0.25,-0.24,-0.26
189406,-0.42,-0.50,-0.33
189407,-0.21,-0.22,-0.21
189408,-0.17,-0.19,-0.15
189409,-0.31,-0.35,-0.28
189410,-0.32,-0.51,-0.14
189411,-0.28,-0.48,-0.08
189412,-0.23,-0.35,-0.11
189501,-0.33,-0.56,-0.10
189502,-0.35,-0.52,-0.17
189503,-0.26,-0.36,-0.16
189504,-0.21,-0.23,-0.19
189505,-0.29,-0.36,-0.21
189506,-0.18,-0.25,-0.12
189507,-0.10,-0.12,-0.08
189508,-0.11,-0.20,-0.02
189509,-0.19,-0.21,-0.16
189510,-0.19,-0.26,-0.12
189511,-0.17,-0.22,-0.13
189512,-0.20,-0.38,-0.02
189601,-0.17,-0.30,-0.04
189602,-0.16,-0.28,-0.03
189603,-0.17,-0.37,0.02
189604,-0.29,-0.63,0.04
189605,-0.22,-0.34,-0.10
189606,-0.06,-0.05,-0.07
189607,-0.07,-0.05,-0.08
189608,-0.02,-0.05,0.00
189609,-0.09,-0.14,-0.04
189610,0.06,0.05,0.06
189611,-0.07,-0.26,0.12
189612,-0.04,-0.24,0.15
189701,-0.09,-0.22,0.03
189702,-0.20,-0.44,0.05
189703,-0.14,-0.36,0.07
189704,0.05,0.00,0.10
189705,-0.06,-0.03,-0.08
189706,-0.09,-0.16,-0.01
189707,-0.02,0.04,-0.09
189708,-0.03,0.00,-0.07
189709,-0.11,-0.13,-0.08
189710,-0.19,-0.36,-0.03
189711,-0.15,-0.28,-0.02
189712,-0.07,-0.08,-0.07
189801,-0.22,-0.32,-0.12
189802,-0.30,-0.45,-0.15
189803,-0.46,-0.72,-0.20
189804,-0.32,-0.32,-0.31
189805,-0.22,-0.20,-0.24
189806,-0.13,-0.12,-0.15
189807,-0.12,-0.08,-0.16
189808,-0.15,-0.10,-0.19
189809,-0.16,-0.20,-0.12
189810,-0.32,-0.42,-0.22
189811,-0.41,-0.68,-0.14
189812,-0.26,-0.39,-0.13
189901,-0.30,-0.35,-0.25
189902,-0.34,-0.53,-0.15
189903,-0.24,-0.41,-0.07
189904,-0.22,-0.32,-0.11
189905,-0.24,-0.37,-0.12
189906,-0.23,-0.34,-0.11
189907,-0.11,-0.14,-0.07
189908,-0.03,-0.06,-0.01
189909,0.03,0.00,0.06
189910,-0.16,-0.18,-0.13
189911,-0.02,-0.01,-0.03
189912,-0.02,0.00,-0.05
190001,-0.27,-0.45,-0.09
190002,0.03,-0.07,0.12
190003,0.03,0.08,-0.02
190004,-0.13,-0.15,-0.11
190005,-0.07,0.00,-0.14
190006,-0.02,-0.06,0.01
190007,-0.09,-0.08,-0.09
190008,-0.08,-0.09,-0.07
190009,-0.11,-0.08,-0.14
190010,0.04,0.00,0.09
190011,-0.03,-0.14,0.07
190012,-0.01,-0.01,-0.01
190101,-0.20,-0.35,-0.05
190102,-0.11,-0.12,-0.09
190103,0.11,0.39,-0.17
190104,0.05,0.19,-0.09
190105,-0.13,-0.14,-0.11
190106,-0.09,0.00,-0.18
190107,-0.12,-0.06,-0.17
190108,-0.11,-0.10,-0.12
190109,-0.17,-0.28,-0.06
190110,-0.27,-0.36,-0.18
190111,-0.18,-0.29,-0.07
190112,-0.10,-0.12,-0.08
190201,-0.17,-0.20,-0.15
190202,-0.06,-0.01,-0.11
190203,-0.27,-0.39,-0.15
190204,-0.27,-0.38,-0.15
190205,-0.23,-0.35,-0.11
190206,-0.17,-0.31,-0.03
190207,-0.17,-0.24,-0.11
190208,-0.21,-0.20,-0.22
190209,-0.24,-0.36,-0.13
190210,-0.25,-0.32,-0.18
190211,-0.28,-0.44,-0.11
190212,-0.34,-0.52,-0.17
190301,-0.21,-0.25,-0.17
190302,-0.22,-0.23,-0.20
190303,-0.21,-0.22,-0.20
190304,-0.41,-0.52,-0.31
190305,-0.32,-0.39,-0.26
190306,-0.29,-0.44,-0.13
190307,-0.37,-0.42,-0.31
190308,-0.41,-0.48,-0.35
190309,-0.46,-0.48,-0.45
190310,-0.50,-0.65,-0.35
190311,-0.38,-0.39,-0.37
190312,-0.54,-0.66,-0.41
190401,-0.60,-0.67,-0.53
190402,-0.52,-0.55,-0.50
190403,-0.39,-0.29,-0.50
190404,-0.52,-0.58,-0.46
190405,-0.49,-0.48,-0.51
190406,-0.42,-0.51,-0.34
190407,-0.44,-0.56,-0.31
190408,-0.44,-0.48,-0.40
190409,-0.47,-0.58,-0.36
190410,-0.37,-0.46,-0.28
190411,-0.21,-0.23,-0.19
190412,-0.27,-0.35,-0.20
190501,-0.31,-0.40,-0.21
190502,-0.49,-0.69,-0.30
190503,-0.20,-0.27,-0.14
190504,-0.30,-0.41,-0.20
190505,-0.21,-0.28,-0.14
190506,-0.15,-0.26,-0.04
190507,-0.16,-0.19,-0.13
190508,-0.25,-0.26,-0.24
190509,-0.28,-0.30,-0.27
190510,-0.31,-0.33,-0.29
190511,-0.17,-0.20,-0.14
190512,-0.21,-0.44,0.01
190601,-0.31,-0.60,-0.03
190602,-0.21,-0.43,0.01
190603,-0.18,-0.27,-0.08
190604,-0.01,0.06,-0.08
190605,-0.17,-0.23,-0.10
190606,-0.10,-0.17,-0.03
190607,-0.13,-0.22,-0.05
190608,-0.20,-0.21,-0.19
190609,-0.24,-0.22,-0.25
190610,-0.13,-0.14,-0.13
190611,-0.24,-0.25,-0.23
190612,-0.07,0.10,-0.23
190701,-0.31,-0.35,-0.26
190702,-0.48,-0.68,-0.28
190703,-0.25,-0.33,-0.18
190704,-0.39,-0.52,-0.25
190705,-0.45,-0.66,-0.24
190706,-0.35,-0.49,-0.21
190707,-0.30,-0.46,-0.14
190708,-0.27,-0.47,-0.06
190709,-0.33,-0.47,-0.20
190710,-0.22,-0.29,-0.14
190711,-0.39,-0.51,-0.28
190712,-0.41,-0.51,-0.30
190801,-0.48,-0.63,-0.32
190802,-0.26,-0.15,-0.37
190803,-0.49,-0.64,-0.33
190804,-0.49,-0.64,-0.34
190805,-0.43,-0.42,-0.44
190806,-0.34,-0.31,-0.37
190807,-0.34,-0.43,-0.25
190808,-0.43,-0.48,-0.38
190809,-0.43,-0.35,-0.51
190810,-0.47,-0.56,-0.38
190811,-0.44,-0.55,-0.33
190812,-0.43,-0.52,-0.35
190901,-0.67,-0.87,-0.47
190902,-0.42,-0.46,-0.37
190903,-0.46,-0.59,-0.32
190904,-0.53,-0.68,-0.39
190905,-0.45,-0.50,-0.39
190906,-0.46,-0.56,-0.35
190907,-0.42,-0.46,-0.38
190908,-0.33,-0.37,-0.28
190909,-0.34,-0.36,-0.32
190910,-0.31,-0.36,-0.26
190911,-0.29,-0.23,-0.36
190912,-0.42,-0.35,-0.48
191001,-0.36,-0.27,-0.44
191002,-0.40,-0.38,-0.42
191003,-0.46,-0.47,-0.45
191004,-0.37,-0.41,-0.33
191005,-0.31,-0.33,-0.28
191006,-0.32,-0.49,-0.15
191007,-0.29,-0.39,-0.20
191008,-0.31,-0.39,-0.22
191009,-0.33,-0.41,-0.26
191010,-0.41,-0.37,-0.45
191011,-0.35,-0.30,-0.41
191012,-0.55,-0.62,-0.49
191101,-0.56,-0.73,-0.39
191102,-0.58,-0.66,-0.50
191103,-0.61,-0.68,-0.54
191104,-0.38,-0.25,-0.50
191105,-0.49,-0.46,-0.52
191106,-0.46,-0.38,-0.53
191107,-0.41,-0.46,-0.36
191108,-0.40,-0.49,-0.31
191109,-0.36,-0.36,-0.35
191110,-0.24,-0.22,-0.25
191111,-0.17,-0.22,-0.11
191112,-0.17,-0.30,-0.04
191201,-0.29,-0.47,-0.12
191202,-0.20,-0.35,-0.04
191203,-0.37,-0.76,0.02
191204,-0.22,-0.31,-0.12
191205,-0.19,-0.18,-0.20
191206,-0.19,-0.15,-0.22
191207,-0.36,-0.54,-0.19
191208,-0.45,-0.66,-0.24
191209,-0.49,-0.71,-0.27
191210,-0.57,-0.89,-0.25
191211,-0.29,-0.43,-0.15
191212,-0.35,-0.46,-0.24
191301,-0.37,-0.54,-0.19
191302,-0.37,-0.56,-0.19
191303,-0.45,-0.56,-0.33
191304,-0.39,-0.52,-0.26
191305,-0.42,-0.53,-0.30
191306,-0.36,-0.52,-0.20
191307,-0.34,-0.55,-0.14
191308,-0.24,-0.43,-0.05
191309,-0.29,-0.35,-0.23
191310,-0.32,-0.51,-0.13
191311,-0.24,-0.35,-0.12
191312,-0.03,0.02,-0.07
191401,-0.07,-0.10,-0.04
191402,-0.12,-0.21,-0.03
191403,-0.24,-0.39,-0.08
191404,-0.23,-0.36,-0.10
191405,-0.18,-0.23,-0.14
191406,-0.18,-0.26,-0.09
191407,-0.21,-0.35,-0.07
191408,-0.21,-0.30,-0.12
191409,-0.18,-0.27,-0.10
191410,-0.06,-0.02,-0.10
191411,0.00,-0.08,0.09
191412,-0.01,0.00,-0.02
191501,-0.15,-0.18,-0.13
191502,-0.03,-0.09,0.04
191503,-0.01,-0.10,0.09
191504,0.10,0.02,0.18
191505,0.00,0.02,-0.01
191506,-0.12,-0.14,-0.09
191507,-0.05,-0.07,-0.03
191508,-0.11,-0.11,-0.11
191509,-0.14,-0.21,-0.07
191510,-0.19,-0.30,-0.08
191511,-0.10,-0.10,-0.09
191512,-0.25,-0.36,-0.13
191601,-0.13,-0.13,-0.13
191602,-0.15,-0.21,-0.08
191603,-0.20,-0.28,-0.12
191604,-0.20,-0.28,-0.12
191605,-0.22,-0.30,-0.14
191606,-0.30,-0.41,-0.18
191607,-0.32,-0.32,-0.31
191608,-0.21,-0.41,-0.01
191609,-0.30,-0.41,-0.18
191610,-0.31,-0.37,-0.25
191611,-0.54,-0.69,-0.39
191612,-0.74,-1.05,-0.43
191701,-0.53,-0.54,-0.51
191702,-0.63,-0.73,-0.53
191703,-0.66,-0.79,-0.53
191704,-0.52,-0.69,-0.34
191705,-0.51,-0.65,-0.36
191706,-0.37,-0.39,-0.36
191707,-0.18,-0.27,-0.09
191708,-0.20,-0.39,-0.01
191709,-0.21,-0.33,-0.09
191710,-0.44,-0.68,-0.20
191711,-0.36,-0.38,-0.33
191712,-0.55,-0.92,-0.18
191801,-0.50,-0.71,-0.30
191802,-0.43,-0.64,-0.23
191803,-0.34,-0.37,-0.30
191804,-0.44,-0.58,-0.29
191805,-0.41,-0.61,-0.21
191806,-0.36,-0.49,-0.24
191807,-0.28,-0.37,-0.18
191808,-0.27,-0.39,-0.15
191809,-0.16,-0.22,-0.11
191810,-0.11,-0.20,-0.02
191811,-0.14,-0.32,0.04
191812,-0.22,-0.50,0.05
191901,-0.06,-0.14,0.02
191902,-0.24,-0.42,-0.06
191903,-0.24,-0.45,-0.03
191904,-0.03,-0.21,0.15
191905,-0.17,-0.26,-0.08
191906,-0.32,-0.40,-0.24
191907,-0.26,-0.28,-0.25
191908,-0.36,-0.28,-0.44
191909,-0.23,-0.20,-0.25
191910,-0.25,-0.12,-0.38
191911,-0.28,-0.29,-0.27
191912,-0.33,-0.44,-0.22
192001,-0.17,-0.06,-0.28
192002,-0.20,-0.17,-0.24
192003,-0.14,0.01,-0.29
192004,-0.27,-0.25,-0.29
192005,-0.19,-0.12,-0.27
192006,-0.27,-0.21,-0.34
192007,-0.29,-0.29,-0.30
192008,-0.23,-0.32,-0.15
192009,-0.19,-0.36,-0.02
192010,-0.20,-0.36,-0.04
192011,-0.22,-0.40,-0.05
192012,-0.36,-0.57,-0.16
192101,-0.11,-0.01,-0.20
192102,-0.26,-0.28,-0.24
192103,-0.27,-0.25,-0.30
192104,-0.29,-0.23,-0.36
192105,-0.19,-0.17,-0.21
192106,-0.21,-0.13,-0.28
192107,-0.12,-0.10,-0.15
192108,-0.15,-0.24,-0.05
192109,-0.15,-0.17,-0.12
192110,-0.03,-0.01,-0.05
192111,-0.08,-0.01,-0.15
192112,-0.14,-0.14,-0.14
192201,-0.19,-0.11,-0.28
192202,-0.41,-0.58,-0.24
192203,-0.14,-0.11,-0.16
192204,-0.15,-0.14,-0.17
192205,-0.30,-0.23,-0.37
192206,-0.29,-0.26,-0.31
192207,-0.30,-0.30,-0.30
192208,-0.32,-0.32,-0.32
192209,-0.29,-0.39,-0.18
192210,-0.29,-0.37,-0.21
192211,-0.04,-0.06,-0.02
192212,-0.12,0.00,-0.24
192301,-0.29,-0.29,-0.29
192302,-0.32,-0.43,-0.21
192303,-0.38,-0.51,-0.24
192304,-0.32,-0.45,-0.20
192305,-0.23,-0.30,-0.16
192306,-0.19,-0.18,-0.21
192307,-0.31,-0.30,-0.33
192308,-0.36,-0.30,-0.43
192309,-0.32,-0.26,-0.38
192310,-0.18,-0.01,-0.34
192311,-0.03,0.12,-0.17
192312,-0.03,-0.02,-0.03
192401,-0.16,-0.19,-0.14
192402,-0.17,-0.19,-0.15
192403,-0.05,0.03,-0.14
192404,-0.19,-0.14,-0.25
192405,-0.14,-0.04,-0.24
192406,-0.18,-0.12,-0.25
192407,-0.30,-0.23,-0.38
192408,-0.35,-0.20,-0.51
192409,-0.29,-0.22,-0.35
192410,-0.31,-0.26,-0.35
192411,-0.22,-0.02,-0.43
192412,-0.34,-0.24,-0.43
192501,-0.42,-0.40,-0.44
192502,-0.36,-0.36,-0.36
192503,-0.24,-0.13,-0.36
192504,-0.17,-0.09,-0.25
192505,-0.21,-0.18,-0.23
192506,-0.26,-0.23,-0.29
192507,-0.22,-0.21,-0.24
192508,-0.22,-0.17,-0.27
192509,-0.23,-0.06,-0.40
192510,-0.11,-0.01,-0.20
192511,-0.04,0.02,-0.09
192512,0.04,0.16,-0.09
192601,0.17,0.40,-0.07
192602,0.05,0.13,-0.04
192603,0.10,0.29,-0.08
192604,0.02,0.02,0.01
192605,-0.19,-0.22,-0.16
192606,-0.15,-0.14,-0.16
192607,-0.22,-0.21,-0.24
192608,-0.17,-0.07,-0.28
192609,-0.13,-0.06,-0.20
192610,0.01,0.14,-0.12
192611,-0.08,0.08,-0.23
192612,-0.24,-0.26,-0.23
192701,-0.26,-0.29,-0.23
192702,-0.15,-0.11,-0.19
192703,-0.34,-0.49,-0.18
192704,-0.29,-0.24,-0.33
192705,-0.22,-0.12,-0.33
192706,-0.16,-0.15,-0.17
192707,-0.17,-0.10,-0.24
192708,-0.06,-0.12,-0.01
192709,-0.07,0.08,-0.22
192710,0.00,0.22,-0.22
192711,-0.02,0.05,-0.10
192712,-0.27,-0.30,-0.25
192801,-0.08,0.11,-0.27
192802,-0.11,0.05,-0.27
192803,-0.22,-0.17,-0.26
192804,-0.21,-0.31,-0.12
192805,-0.18,-0.11,-0.26
192806,-0.18,-0.25,-0.12
192807,-0.20,-0.12,-0.27
192808,-0.21,-0.19,-0.23
192809,-0.09,-0.06,-0.12
192810,-0.18,-0.14,-0.22
192811,-0.10,0.01,-0.21
192812,-0.11,-0.04,-0.17
192901,-0.35,-0.47,-0.22
192902,-0.43,-0.54,-0.33
192903,-0.30,-0.27,-0.33
192904,-0.39,-0.37,-0.40
192905,-0.34,-0.32,-0.35
192906,-0.39,-0.37,-0.42
192907,-0.37,-0.31,-0.43
192908,-0.23,-0.14,-0.31
192909,-0.21,-0.13,-0.28
192910,-0.15,-0.06,-0.24
192911,-0.17,-0.18,-0.16
192912,-0.45,-0.54,-0.36
193001,-0.31,-0.18,-0.45
193002,-0.23,-0.12,-0.33
193003,-0.16,0.03,-0.35
193004,-0.13,-0.07,-0.19
193005,-0.17,-0.17,-0.16
193006,-0.13,-0.08,-0.17
193007,-0.08,0.00,-0.15
193008,-0.12,0.03,-0.28
193009,-0.14,-0.03,-0.25
193010,-0.07,0.01,-0.14
193011,0.19,0.41,-0.02
193012,0.02,0.18,-0.14
193101,-0.01,0.09,-0.12
193102,-0.17,-0.20,-0.15
193103,-0.06,0.00,-0.11
193104,-0.14,-0.13,-0.15
193105,-0.13,-0.09,-0.17
193106,-0.02,0.15,-0.19
193107,-0.01,0.13,-0.15
193108,0.01,0.12,-0.10
193109,0.02,0.19,-0.15
193110,0.03,0.28,-0.23
193111,-0.03,0.19,-0.26
193112,-0.03,0.08,-0.13
193201,0.13,0.31,-0.05
193202,-0.19,-0.21,-0.17
193203,-0.11,-0.10,-0.13
193204,-0.02,0.08,-0.12
193205,-0.12,-0.07,-0.18
193206,-0.12,-0.07,-0.16
193207,-0.21,-0.09,-0.33
193208,-0.26,-0.03,-0.49
193209,-0.06,0.12,-0.25
193210,-0.06,0.11,-0.23
193211,-0.25,-0.26,-0.23
193212,-0.19,-0.15,-0.23
193301,-0.15,-0.10,-0.20
193302,-0.28,-0.31,-0.25
193303,-0.21,-0.24,-0.18
193304,-0.19,-0.13,-0.26
193305,-0.22,-0.26,-0.17
193306,-0.25,-0.28,-0.22
193307,-0.23,-0.12,-0.35
193308,-0.23,-0.14,-0.33
193309,-0.31,-0.29,-0.33
193310,-0.18,-0.18,-0.18
193311,-0.27,-0.22,-0.32
193312,-0.32,-0.40,-0.25
193401,-0.26,-0.29,-0.23
193402,-0.08,0.17,-0.32
193403,-0.26,-0.26,-0.26
193404,-0.26,-0.31,-0.21
193405,-0.05,0.05,-0.14
193406,-0.10,-0.03,-0.18
193407,-0.09,0.02,-0.19
193408,-0.08,-0.03,-0.13
193409,-0.05,-0.11,0.00
193410,-0.02,0.13,-0.16
193411,0.06,0.27,-0.14
193412,-0.02,0.17,-0.21
193501,-0.28,-0.36,-0.20
193502,0.13,0.45,-0.20
193503,-0.16,0.01,-0.33
193504,-0.35,-0.35,-0.36
193505,-0.24,-0.26,-0.21
193506,-0.27,-0.13,-0.40
193507,-0.11,-0.05,-0.17
193508,-0.11,0.02,-0.24
193509,-0.10,-0.07,-0.13
193510,-0.05,0.06,-0.16
193511,-0.16,-0.27,-0.05
193512,-0.08,-0.06,-0.10
193601,-0.29,-0.35,-0.22
193602,-0.27,-0.39,-0.16
193603,-0.19,-0.24,-0.15
193604,-0.14,0.05,-0.33
193605,-0.14,-0.03,-0.24
193606,-0.15,0.04,-0.34
193607,-0.04,0.11,-0.19
193608,-0.01,0.05,-0.07
193609,-0.06,0.06,-0.19
193610,0.02,0.10,-0.07
193611,-0.02,0.04,-0.08
193612,0.01,0.14,-0.11
193701,-0.06,0.07,-0.19
193702,0.01,0.16,-0.15
193703,-0.19,-0.21,-0.17
193704,-0.16,-0.04,-0.28
193705,-0.03,0.15,-0.22
193706,-0.03,0.15,-0.20
193707,-0.02,0.17,-0.21
193708,0.08,0.18,-0.03
193709,0.15,0.33,-0.04
193710,0.11,0.31,-0.09
193711,0.12,0.28,-0.03
193712,-0.04,0.04,-0.12
193801,0.03,0.20,-0.13
193802,0.05,0.22,-0.12
193803,0.08,0.21,-0.04
193804,0.07,0.33,-0.19
193805,-0.06,0.05,-0.16
193806,-0.18,-0.07,-0.29
193807,-0.02,0.00,-0.03
193808,-0.02,0.09,-0.13
193809,0.05,0.18,-0.08
193810,0.10,0.20,0.00
193811,0.07,0.24,-0.11
193812,-0.08,-0.06,-0.11
193901,-0.05,-0.08,-0.02
193902,-0.05,-0.06,-0.05
193903,-0.21,-0.26,-0.16
193904,-0.11,-0.16,-0.06
193905,0.00,0.01,-0.01
193906,0.00,0.01,0.00
193907,0.04,0.06,0.02
193908,0.08,0.11,0.05
193909,-0.02,0.15,-0.18
193910,-0.02,0.09,-0.14
193911,0.10,0.25,-0.04
193912,0.47,0.79,0.16
194001,0.12,0.08,0.16
194002,0.12,0.17,0.08
194003,0.13,0.13,0.13
194004,0.23,0.28,0.19
194005,0.16,0.23,0.09
194006,0.07,0.13,0.02
194007,0.10,0.18,0.01
194008,0.05,0.09,0.02
194009,0.12,0.24,0.00
194010,0.17,0.28,0.06
194011,0.19,0.30,0.08
194012,0.36,0.40,0.31
194101,0.19,0.22,0.15
194102,0.32,0.44,0.20
194103,0.14,0.14,0.14
194104,0.25,0.13,0.38
194105,0.21,0.23,0.19
194106,0.17,0.20,0.15
194107,0.21,0.25,0.18
194108,0.23,0.24,0.22
194109,0.11,0.13,0.10
194110,0.33,0.48,0.17
194111,0.27,0.24,0.30
194112,0.30,0.34,0.25
194201,0.31,0.42,0.19
194202,0.02,-0.07,0.10
194203,0.08,0.06,0.10
194204,0.14,0.11,0.17
194205,0.11,0.16,0.05
194206,0.13,0.17,0.09
194207,0.02,0.08,-0.04
194208,0.05,-0.03,0.13
194209,0.06,0.11,0.01
194210,0.03,0.23,-0.18
194211,0.11,0.23,-0.01
194212,0.07,0.22,-0.08
194301,-0.01,-0.15,0.14
194302,0.08,0.21,-0.04
194303,-0.04,-0.05,-0.03
194304,0.12,0.33,-0.10
194305,0.02,0.21,-0.17
194306,-0.10,-0.09,-0.11
194307,0.09,0.00,0.18
194308,0.03,0.09,-0.03
194309,0.05,0.14,-0.05
194310,0.24,0.50,-0.02
194311,0.21,0.38,0.03
194312,0.22,0.36,0.08
194401,0.32,0.54,0.10
194402,0.29,0.46,0.11
194403,0.31,0.39,0.22
194404,0.20,0.25,0.15
194405,0.24,0.23,0.26
194406,0.21,0.19,0.23
194407,0.16,0.20,0.12
194408,0.17,0.18,0.16
194409,0.33,0.39,0.28
194410,0.27,0.45,0.10
194411,0.21,0.24,0.18
194412,0.19,0.23,0.14
194501,0.20,0.26,0.14
194502,0.08,0.05,0.10
194503,0.08,0.08,0.07
194504,0.29,0.36,0.22
194505,0.15,0.16,0.13
194506,0.12,0.14,0.11
194507,0.11,0.11,0.10
194508,0.35,0.36,0.35
194509,0.22,0.22,0.23
194510,0.13,0.25,0.02
194511,0.12,0.10,0.14
194512,0.00,-0.10,0.10
194601,0.20,0.35,0.05
194602,0.03,0.04,0.03
194603,-0.04,0.06,-0.14
194604,0.02,0.27,-0.22
194605,0.00,0.07,-0.06
194606,-0.13,-0.04,-0.22
194607,-0.10,0.00,-0.19
194608,-0.14,-0.04,-0.24
194609,-0.04,-0.01,-0.07
194610,-0.06,0.00,-0.13
194611,0.01,0.06,-0.04
194612,-0.18,-0.32,-0.05
194701,0.01,0.00,0.01
194702,0.00,0.06,-0.05
194703,0.05,0.28,-0.19
194704,0.09,0.22,-0.04
194705,0.00,0.03,-0.03
194706,0.08,0.06,0.09
194707,0.00,-0.03,0.03
194708,-0.08,-0.08,-0.08
194709,-0.11,-0.04,-0.18
194710,0.03,0.30,-0.25
194711,-0.01,0.13,-0.15
194712,-0.11,-0.03,-0.18
194801,0.01,0.16,-0.15
194802,-0.09,-0.13,-0.04
194803,-0.21,-0.26,-0.16
194804,-0.05,-0.03,-0.06
194805,0.11,0.18,0.04
194806,-0.06,0.09,-0.21
194807,-0.03,0.06,-0.13
194808,-0.04,0.08,-0.17
194809,-0.11,-0.03,-0.19
194810,-0.03,0.05,-0.11
194811,-0.07,0.01,-0.15
194812,-0.21,-0.32,-0.09
194901,0.08,0.18,-0.01
194902,-0.10,-0.09,-0.11
194903,0.03,0.11,-0.05
194904,-0.05,-0.01,-0.08
194905,0.00,0.01,-0.01
194906,-0.15,-0.16,-0.14
194907,-0.07,-0.12,-0.03
194908,-0.08,-0.02,-0.15
194909,-0.14,-0.12,-0.17
194910,-0.06,-0.01,-0.11
194911,-0.10,-0.02,-0.19
194912,-0.11,-0.06,-0.15
195001,-0.19,-0.24,-0.14
195002,-0.21,-0.29,-0.12
195003,-0.06,0.05,-0.17
195004,-0.17,-0.19,-0.15
195005,0.01,-0.04,0.05
195006,-0.01,-0.07,0.06
195007,-0.05,-0.18,0.08
195008,-0.09,-0.18,-0.01
195009,-0.08,-0.08,-0.07
195010,-0.19,-0.05,-0.32
195011,-0.29,-0.29,-0.30
195012,-0.21,-0.07,-0.36
195101,-0.32,-0.38,-0.25
195102,-0.38,-0.50,-0.26
195103,-0.13,-0.12,-0.14
195104,-0.16,0.04,-0.35
195105,0.03,0.21,-0.15
195106,0.03,0.07,-0.01
195107,0.04,0.17,-0.09
195108,0.10,0.28,-0.09
195109,0.14,0.38,-0.10
195110,0.13,0.31,-0.06
195111,0.00,0.05,-0.06
195112,0.18,0.44,-0.07
195201,0.15,0.18,0.12
195202,0.12,0.15,0.09
195203,-0.02,-0.14,0.09
195204,0.09,0.16,0.01
195205,0.00,0.19,-0.19
195206,0.00,0.16,-0.15
195207,0.06,0.15,-0.03
195208,0.07,0.10,0.03
195209,0.08,0.21,-0.06
195210,0.04,0.01,0.08
195211,-0.07,-0.17,0.03
195212,0.03,0.07,-0.02
195301,0.09,0.20,-0.01
195302,0.17,0.34,0.01
195303,0.17,0.23,0.11
195304,0.25,0.40,0.10
195305,0.17,0.31,0.03
195306,0.18,0.27,0.09
195307,0.01,0.25,-0.24
195308,0.03,0.24,-0.17
195309,0.01,0.20,-0.19
195310,0.10,0.26,-0.07
195311,-0.01,0.10,-0.13
195312,0.06,0.21,-0.10
195401,-0.16,-0.17,-0.14
195402,-0.06,0.03,-0.14
195403,-0.12,-0.14,-0.10
195404,-0.15,0.01,-0.31
195405,-0.17,-0.04,-0.31
195406,-0.09,0.04,-0.22
195407,-0.08,0.00,-0.15
195408,-0.11,0.05,-0.28
195409,-0.09,0.07,-0.24
195410,-0.02,0.11,-0.15
195411,0.04,0.32,-0.24
195412,-0.12,-0.08,-0.16
195501,0.13,0.37,-0.11
195502,-0.19,-0.19,-0.18
195503,-0.29,-0.38,-0.20
195504,-0.20,-0.20,-0.20
195505,-0.14,-0.09,-0.20
195506,-0.12,-0.03,-0.20
195507,-0.09,0.00,-0.17
195508,0.04,0.10,-0.02
195509,-0.07,0.03,-0.17
195510,-0.06,0.08,-0.21
195511,-0.23,-0.29,-0.17
195512,-0.27,-0.31,-0.23
195601,-0.09,-0.03,-0.16
195602,-0.17,-0.20,-0.14
195603,-0.13,-0.12,-0.14
195604,-0.24,-0.25,-0.23
195605,-0.25,-0.31,-0.20
195606,-0.15,-0.13,-0.17
195607,-0.09,-0.15,-0.04
195608,-0.25,-0.20,-0.30
195609,-0.19,-0.31,-0.07
195610,-0.24,-0.30,-0.18
195611,-0.13,-0.21,-0.05
195612,-0.01,-0.01,-0.02
195701,-0.03,-0.07,0.00
195702,-0.08,-0.11,-0.04
195703,-0.07,-0.14,-0.01
195704,0.04,-0.05,0.13
195705,0.11,0.00,0.22
195706,0.18,0.14,0.22
195707,0.07,0.12,0.01
195708,0.16,0.22,0.11
195709,0.12,0.17,0.07
195710,0.06,0.04,0.07
195711,0.06,0.10,0.01
195712,0.11,0.21,0.01
195801,0.36,0.63,0.08
195802,0.19,0.27,0.12
195803,0.13,0.19,0.06
195804,0.07,0.01,0.13
195805,0.09,0.08,0.10
195806,0.04,0.11,-0.03
195807,0.12,0.11,0.13
195808,0.02,0.17,-0.14
195809,-0.02,0.05,-0.08
195810,0.03,0.04,0.03
195811,0.00,-0.01,0.02
195812,0.09,0.23,-0.06
195901,0.12,0.21,0.02
195902,0.10,0.19,0.02
195903,0.23,0.38,0.07
195904,0.15,0.19,0.10
195905,0.09,0.09,0.09
195906,0.10,0.19,0.01
195907,0.09,0.08,0.11
195908,0.05,0.13,-0.03
195909,0.02,0.16,-0.13
195910,0.00,-0.02,0.02
195911,-0.04,-0.01,-0.07
195912,0.03,0.10,-0.05
196001,0.04,0.15,-0.07
196002,0.15,0.37,-0.08
196003,-0.24,-0.31,-0.18
196004,-0.10,-0.10,-0.11
196005,-0.07,0.05,-0.18
196006,-0.01,0.21,-0.23
196007,0.01,0.17,-0.15
196008,0.05,0.14,-0.05
196009,0.08,0.15,0.00
196010,0.05,0.03,0.08
196011,-0.12,-0.14,-0.09
196012,0.23,0.47,0.00
196101,0.11,0.19,0.04
196102,0.17,0.22,0.12
196103,0.12,0.15,0.09
196104,0.15,0.11,0.18
196105,0.14,0.12,0.16
196106,0.13,0.20,0.05
196107,0.07,0.10,0.04
196108,0.06,0.10,0.02
196109,0.07,-0.07,0.22
196110,-0.01,-0.10,0.07
196111,0.03,0.05,0.02
196112,-0.12,-0.13,-0.10
196201,0.07,0.27,-0.14
196202,0.16,0.33,0.00
196203,0.16,0.33,-0.02
196204,0.05,0.22,-0.12
196205,-0.04,0.02,-0.10
196206,0.03,-0.06,0.12
196207,0.03,0.13,-0.06
196208,0.00,0.06,-0.05
196209,0.03,0.01,0.05
196210,0.03,0.07,-0.01
196211,0.11,0.16,0.05
196212,0.03,0.12,-0.07
196301,0.01,0.08,-0.07
196302,0.20,0.46,-0.05
196303,-0.10,-0.14,-0.07
196304,-0.03,0.03,-0.10
196305,-0.04,-0.03,-0.04
196306,0.03,-0.01,0.07
196307,0.08,0.15,0.01
196308,0.20,0.18,0.23
196309,0.17,0.14,0.21
196310,0.13,0.32,-0.05
196311,0.11,0.32,-0.09
196312,0.05,0.15,-0.05
196401,-0.04,-0.04,-0.05
196402,-0.10,-0.06,-0.13
196403,-0.20,-0.29,-0.12
196404,-0.26,-0.32,-0.20
196405,-0.20,-0.11,-0.30
196406,-0.03,-0.07,0.00
196407,-0.03,-0.07,0.02
196408,-0.12,-0.19,-0.05
196409,-0.24,-0.27,-0.20
196410,-0.27,-0.32,-0.23
196411,-0.24,-0.29,-0.19
196412,-0.23,-0.22,-0.25
196501,-0.07,-0.04,-0.10
196502,-0.16,-0.35,0.03
196503,-0.13,-0.10,-0.15
196504,-0.17,-0.24,-0.10
196505,-0.11,-0.17,-0.05
196506,-0.08,-0.16,-0.01
196507,-0.07,-0.12,-0.02
196508,-0.02,-0.15,0.11
196509,-0.07,-0.15,0.02
196510,0.01,-0.02,0.04
196511,0.00,0.05,-0.06
196512,-0.03,-0.04,-0.02
196601,-0.15,-0.22,-0.07
196602,-0.03,-0.01,-0.05
196603,0.00,-0.06,0.05
196604,-0.11,-0.19,-0.04
196605,-0.05,-0.02,-0.07
196606,0.04,0.09,-0.01
196607,0.13,0.18,0.08
196608,-0.02,0.21,-0.24
196609,0.01,0.11,-0.09
196610,-0.14,-0.12,-0.16
196611,-0.03,-0.01,-0.04
196612,-0.02,-0.03,-0.01
196701,-0.09,-0.22,0.04
196702,-0.18,-0.30,-0.06
196703,0.04,0.17,-0.09
196704,-0.01,0.11,-0.12
196705,0.19,0.26,0.11
196706,0.00,0.02,-0.01
196707,0.02,0.09,-0.05
196708,0.03,0.11,-0.05
196709,0.01,0.05,-0.04
196710,0.12,0.26,-0.01
196711,-0.05,0.02,-0.12
196712,0.02,0.13,-0.10
196801,-0.22,-0.27,-0.17
196802,-0.14,-0.14,-0.14
196803,0.16,0.38,-0.06
196804,-0.05,0.00,-0.09
196805,-0.06,0.03,-0.16
196806,-0.02,0.03,-0.07
196807,-0.09,-0.02,-0.15
196808,-0.01,-0.01,-0.02
196809,-0.09,0.00,-0.18
196810,0.06,-0.07,0.19
196811,-0.10,-0.26,0.07
196812,-0.11,-0.31,0.09
196901,-0.07,-0.41,0.26
196902,-0.07,-0.35,0.21
196903,0.08,-0.11,0.26
196904,0.19,0.05,0.33
196905,0.22,0.13,0.31
196906,0.10,0.01,0.19
196907,0.03,0.08,-0.02
196908,0.06,0.08,0.04
196909,0.11,0.08,0.13
196910,0.13,-0.01,0.28
196911,0.14,0.15,0.13
196912,0.29,0.42,0.16
197001,0.17,0.10,0.25
197002,0.21,0.21,0.21
197003,0.11,-0.05,0.26
197004,0.10,-0.02,0.22
197005,0.03,0.02,0.03
197006,0.02,0.02,0.02
197007,0.05,0.03,0.06
197008,-0.05,0.01,-0.11
197009,0.10,-0.01,0.21
197010,0.01,-0.23,0.24
197011,0.01,-0.04,0.06
197012,-0.09,-0.25,0.07
197101,-0.04,-0.19,0.10
197102,-0.15,-0.24,-0.06
197103,-0.11,-0.19,-0.02
197104,-0.06,-0.15,0.03
197105,-0.01,-0.08,0.06
197106,-0.09,-0.09,-0.09
197107,-0.03,-0.07,0.02
197108,0.00,-0.11,0.11
197109,0.04,-0.07,0.15
197110,-0.09,-0.25,0.08
197111,-0.10,-0.05,-0.15
197112,-0.06,-0.11,-0.02
197201,-0.18,-0.48,0.13
197202,-0.13,-0.44,0.19
197203,0.08,0.03,0.14
197204,0.06,-0.05,0.17
197205,0.01,-0.11,0.12
197206,0.13,-0.03,0.28
197207,0.07,0.02,0.13
197208,0.20,-0.01,0.42
197209,0.10,-0.18,0.37
197210,0.12,-0.03,0.27
197211,0.03,-0.22,0.28
197212,0.24,0.04,0.43
197301,0.32,0.16,0.47
197302,0.34,0.39,0.29
197303,0.29,0.29,0.29
197304,0.33,0.26,0.40
197305,0.28,0.17,0.39
197306,0.27,0.21,0.33
197307,0.16,0.09,0.22
197308,0.10,0.09,0.11
197309,0.13,-0.04,0.30
197310,0.10,-0.09,0.30
197311,0.04,-0.10,0.19
197312,0.00,0.06,-0.06
197401,-0.08,-0.20,0.05
197402,-0.25,-0.35,-0.16
197403,-0.06,0.03,-0.14
197404,-0.07,-0.05,-0.08
197405,0.01,-0.15,0.16
197406,0.00,-0.13,0.13
197407,0.02,-0.05,0.08
197408,0.11,-0.06,0.28
197409,-0.05,-0.10,0.00
197410,-0.03,-0.19,0.14
197411,-0.10,-0.28,0.07
197412,-0.09,-0.26,0.07
197501,0.05,0.04,0.06
197502,0.10,0.12,0.08
197503,0.16,0.15,0.17
197504,0.09,0.11,0.07
197505,0.15,0.01,0.29
197506,0.08,-0.01,0.17
197507,0.02,-0.03,0.07
197508,-0.09,-0.09,-0.10
197509,0.02,-0.04,0.08
197510,-0.15,-0.23,-0.07
197511,-0.19,-0.33,-0.04
197512,-0.12,-0.13,-0.10
197601,-0.02,0.04,-0.08
197602,-0.08,-0.15,0.00
197603,-0.16,-0.25,-0.06
197604,-0.02,0.07,-0.10
197605,-0.18,-0.19,-0.17
197606,-0.07,-0.16,0.01
197607,0.00,-0.16,0.16
197608,-0.04,-0.12,0.05
197609,0.02,-0.02,0.06
197610,-0.21,-0.47,0.05
197611,-0.05,-0.30,0.21
197612,0.16,-0.17,0.49
197701,0.24,-0.05,0.52
197702,0.20,0.03,0.37
197703,0.23,0.18,0.28
197704,0.26,0.24,0.28
197705,0.31,0.27,0.34
197706,0.28,0.28,0.28
197707,0.22,0.14,0.31
197708,0.23,0.11,0.35
197709,0.12,0.20,0.03
197710,0.07,-0.05,0.19
197711,0.19,0.27,0.11
197712,0.10,0.08,0.11
197801,0.12,0.20,0.03
197802,0.16,0.10,0.21
197803,0.22,0.21,0.22
197804,0.15,0.15,0.15
197805,0.11,-0.01,0.23
197806,0.04,-0.10,0.18
197807,0.09,-0.03,0.21
197808,-0.07,-0.10,-0.04
197809,0.10,0.03,0.17
197810,0.06,0.01,0.10
197811,0.18,0.20,0.16
197812,0.12,0.06,0.18
197901,0.15,0.07,0.24
197902,-0.04,-0.30,0.22
197903,0.17,0.11,0.23
197904,0.09,-0.16,0.35
197905,0.14,0.06,0.21
197906,0.19,0.16,0.23
197907,0.12,0.13,0.11
197908,0.21,0.13,0.29
197909,0.28,0.26,0.30
197910,0.28,0.22,0.34
197911,0.27,0.19,0.36
197912,0.51,0.58,0.44
198001,0.36,0.31,0.41
198002,0.46,0.48,0.43
198003,0.35,0.10,0.59
198004,0.35,0.20,0.51
198005,0.39,0.29,0.48
198006,0.27,0.25,0.29
198007,0.31,0.22,0.40
198008,0.28,0.16,0.40
198009,0.25,0.10,0.41
198010,0.19,0.15,0.23
198011,0.26,0.17,0.35
198012,0.24,0.14,0.33
198101,0.51,0.79,0.22
198102,0.42,0.61,0.24
198103,0.46,0.61,0.31
198104,0.34,0.40,0.27
198105,0.28,0.26,0.30
198106,0.33,0.34,0.31
198107,0.32,0.18,0.46
198108,0.35,0.23,0.46
198109,0.22,0.20,0.25
198110,0.25,0.29,0.21
198111,0.29,0.36,0.21
198112,0.45,0.58,0.33
198201,0.09,-0.10,0.29
198202,0.21,0.21,0.20
198203,0.05,0.05,0.05
198204,0.16,0.20,0.11
198205,0.18,0.10,0.26
198206,0.10,0.07,0.13
198207,0.19,0.11,0.26
198208,0.11,0.00,0.21
198209,0.20,0.11,0.29
198210,0.17,0.04,0.29
198211,0.16,-0.12,0.45
198212,0.45,0.40,0.49
198301,0.49,0.46,0.53
198302,0.46,0.35,0.57
198303,0.42,0.39,0.45
198304,0.28,0.06,0.50
198305,0.38,0.11,0.65
198306,0.30,0.19,0.41
198307,0.23,0.25,0.20
198308,0.36,0.30,0.43
198309,0.42,0.28,0.57
198310,0.22,0.12,0.32
198311,0.35,0.51,0.20
198312,0.24,0.21,0.27
198401,0.31,0.33,0.28
198402,0.20,0.07,0.33
198403,0.31,0.25,0.36
198404,0.12,-0.01,0.25
198405,0.36,0.29,0.43
198406,0.11,0.11,0.10
198407,0.18,0.11,0.24
198408,0.21,0.12,0.29
198409,0.24,0.08,0.40
198410,0.17,0.05,0.29
198411,0.08,-0.09,0.25
198412,0.02,-0.31,0.35
198501,0.27,0.17,0.38
198502,0.04,-0.22,0.29
198503,0.22,0.05,0.39
198504,0.15,-0.01,0.30
198505,0.20,0.10,0.29
198506,0.19,0.10,0.28
198507,0.04,-0.03,0.12
198508,0.17,0.03,0.31
198509,0.17,0.06,0.27
198510,0.13,-0.01,0.26
198511,0.11,0.07,0.15
198512,0.19,0.20,0.18
198601,0.28,0.32,0.24
198602,0.39,0.34,0.44
198603,0.31,0.27,0.35
198604,0.25,0.19,0.31
198605,0.27,0.23,0.31
198606,0.18,0.17,0.19
198607,0.17,0.06,0.28
198608,0.19,0.12,0.27
198609,0.12,0.05,0.20
198610,0.17,0.03,0.32
198611,0.14,0.03,0.24
198612,0.21,0.12,0.31
198701,0.35,0.26,0.43
198702,0.39,0.39,0.38
198703,0.19,0.03,0.36
198704,0.26,0.09,0.44
198705,0.32,0.29,0.34
198706,0.36,0.22,0.51
198707,0.48,0.36,0.60
198708,0.31,0.36,0.26
198709,0.40,0.37,0.43
198710,0.33,0.20,0.46
198711,0.26,0.05,0.47
198712,0.45,0.49,0.40
198801,0.55,0.53,0.56
198802,0.46,0.47,0.46
198803,0.52,0.46,0.58
198804,0.45,0.44,0.46
198805,0.46,0.47,0.46
198806,0.43,0.45,0.41
198807,0.36,0.49,0.22
198808,0.41,0.31,0.50
198809,0.39,0.34,0.43
198810,0.36,0.22,0.50
198811,0.14,0.08,0.21
198812,0.29,0.40,0.18
198901,0.11,0.00,0.22
198902,0.32,0.40,0.24
198903,0.32,0.38,0.26
198904,0.31,0.31,0.30
198905,0.20,0.26,0.15
198906,0.22,0.31,0.13
198907,0.30,0.36,0.24
198908,0.33,0.33,0.34
198909,0.39,0.33,0.44
198910,0.32,0.25,0.38
198911,0.17,0.08,0.27
198912,0.41,0.43,0.39
199001,0.39,0.39,0.38
199002,0.40,0.46,0.34
199003,0.75,1.07,0.43
199004,0.61,0.71,0.50
199005,0.52,0.57,0.46
199006,0.39,0.50,0.28
199007,0.42,0.35,0.48
199008,0.35,0.43,0.28
199009,0.32,0.47,0.17
199010,0.42,0.44,0.39
199011,0.41,0.40,0.41
199012,0.43,0.43,0.42
199101,0.41,0.57,0.25
199102,0.50,0.56,0.43
199103,0.37,0.41,0.32
199104,0.52,0.57,0.47
199105,0.42,0.44,0.40
199106,0.54,0.50,0.58
199107,0.48,0.48,0.48
199108,0.42,0.37,0.46
199109,0.42,0.39,0.44
199110,0.33,0.34,0.31
199111,0.30,0.34,0.26
199112,0.30,0.22,0.37
199201,0.43,0.52,0.35
199202,0.43,0.46,0.40
199203,0.47,0.50,0.44
199204,0.30,0.17,0.42
199205,0.34,0.18,0.50
199206,0.30,0.12,0.48
199207,0.14,0.00,0.28
199208,0.11,0.00,0.21
199209,0.04,-0.10,0.18
199210,0.06,-0.14,0.25
199211,0.05,-0.05,0.14
199212,0.20,0.22,0.18
199301,0.34,0.36,0.31
199302,0.39,0.52,0.26
199303,0.37,0.40,0.34
199304,0.32,0.29,0.34
199305,0.30,0.32,0.29
199306,0.31,0.29,0.32
199307,0.27,0.18,0.35
199308,0.18,0.10,0.26
199309,0.19,0.06,0.32
199310,0.25,0.17,0.34
199311,0.08,-0.10,0.25
199312,0.20,0.25,0.16
199401,0.23,0.27,0.20
199402,0.06,-0.01,0.13
199403,0.30,0.41,0.19
199404,0.40,0.47,0.32
199405,0.33,0.40,0.26
199406,0.43,0.42,0.43
199407,0.32,0.34,0.30
199408,0.25,0.38,0.11
199409,0.35,0.39,0.31
199410,0.44,0.58,0.30
199411,0.43,0.46,0.40
199412,0.39,0.38,0.39
199501,0.54,0.78,0.30
199502,0.76,1.15,0.36
199503,0.50,0.62,0.38
199504,0.50,0.73,0.27
199505,0.33,0.43,0.22
199506,0.46,0.57,0.36
199507,0.50,0.44,0.55
199508,0.53,0.62,0.44
199509,0.41,0.51,0.32
199510,0.44,0.54,0.33
199511,0.46,0.59,0.32
199512,0.30,0.38,0.23
199601,0.28,0.33,0.23
199602,0.49,0.58,0.39
199603,0.37,0.38,0.37
199604,0.34,0.22,0.46
199605,0.33,0.42,0.25
199606,0.30,0.32,0.27
199607,0.37,0.36,0.39
199608,0.45,0.25,0.65
199609,0.28,0.15,0.41
199610,0.21,0.06,0.35
199611,0.39,0.42,0.36
199612,0.36,0.36,0.36
199701,0.26,0.27,0.25
199702,0.37,0.47,0.27
199703,0.52,0.68,0.35
199704,0.39,0.51,0.27
199705,0.39,0.45,0.33
199706,0.56,0.57,0.56
199707,0.43,0.51,0.35
199708,0.47,0.53,0.41
199709,0.61,0.61,0.61
199710,0.64,0.69,0.59
199711,0.62,0.61,0.64
199712,0.58,0.52,0.64
199801,0.59,0.62,0.57
199802,0.81,0.90,0.72
199803,0.64,0.68,0.59
199804,0.72,0.91,0.53
199805,0.70,0.68,0.71
199806,0.74,0.80,0.68
199807,0.71,0.83,0.58
199808,0.71,0.84,0.59
199809,0.50,0.67,0.33
199810,0.44,0.51,0.38
199811,0.44,0.48,0.40
199812,0.58,0.78,0.38
199901,0.47,0.55,0.38
199902,0.65,0.95,0.34
199903,0.36,0.31,0.42
199904,0.36,0.54,0.18
199905,0.32,0.41,0.23
199906,0.41,0.41,0.41
199907,0.38,0.44,0.32
199908,0.38,0.40,0.36
199909,0.42,0.46,0.39
199910,0.34,0.40,0.28
199911,0.36,0.53,0.19
199912,0.46,0.75,0.18
200001,0.31,0.43,0.20
200002,0.54,0.80,0.27
200003,0.53,0.76,0.29
200004,0.59,0.87,0.32
200005,0.37,0.54,0.19
200006,0.39,0.44,0.34
200007,0.40,0.50,0.30
200008,0.44,0.51,0.36
200009,0.45,0.43,0.46
200010,0.30,0.29,0.32
200011,0.30,0.21,0.39
200012,0.29,0.29,0.30
200101,0.46,0.52,0.40
200102,0.43,0.43,0.43
200103,0.54,0.67,0.41
200104,0.53,0.58,0.48
200105,0.57,0.65,0.48
200106,0.53,0.57,0.49
200107,0.62,0.70,0.54
200108,0.54,0.71,0.37
200109,0.55,0.62,0.48
200110,0.50,0.57,0.43
200111,0.69,0.94,0.44
200112,0.62,0.78,0.46
200201,0.68,0.86,0.50
200202,0.68,0.93,0.44
200203,0.83,1.00,0.65
200204,0.56,0.47,0.65
200205,0.66,0.55,0.76
200206,0.58,0.69,0.48
200207,0.64,0.70,0.58
200208,0.56,0.59,0.54
200209,0.61,0.64,0.57
200210,0.57,0.55,0.58
200211,0.57,0.73,0.41
200212,0.51,0.53,0.48
200301,0.71,0.85,0.56
200302,0.62,0.61,0.64
200303,0.59,0.61,0.57
200304,0.57,0.63,0.52
200305,0.60,0.72,0.48
200306,0.50,0.57,0.42
200307,0.58,0.69,0.46
200308,0.64,0.86,0.43
200309,0.69,0.86,0.51
200310,0.74,1.01,0.48
200311,0.56,0.70,0.41
200312,0.73,0.96,0.51
200401,0.62,0.72,0.52
200402,0.70,0.84,0.56
200403,0.67,0.88,0.47
200404,0.62,0.69,0.55
200405,0.40,0.50,0.29
200406,0.44,0.49,0.40
200407,0.37,0.57,0.16
200408,0.49,0.57,0.41
200409,0.55,0.66,0.44
200410,0.62,0.71,0.54
200411,0.70,0.97,0.42
200412,0.54,0.54,0.54
200501,0.76,0.98,0.55
200502,0.63,0.75,0.51
200503,0.74,0.90,0.57
200504,0.68,0.90,0.47
200505,0.66,0.84,0.49
200506,0.67,0.79,0.54
200507,0.64,0.82,0.47
200508,0.60,0.73,0.47
200509,0.71,0.90,0.51
200510,0.73,0.93,0.54
200511,0.76,1.09,0.43
200512,0.72,0.93,0.52
200601,0.60,0.70,0.50
200602,0.76,1.00,0.51
200603,0.65,0.81,0.49
200604,0.55,0.67,0.43
200605,0.55,0.80,0.30
200606,0.64,0.81,0.48
200607,0.56,0.71,0.42
200608,0.71,0.76,0.66
200609,0.67,0.86,0.48
200610,0.68,0.92,0.45
200611,0.68,0.88,0.48
200612,0.78,1.13,0.43
200701,0.91,1.30,0.53
200702,0.70,0.89,0.52
200703,0.68,0.87,0.49
200704,0.78,1.04,0.51
200705,0.64,0.67,0.61
200706,0.59,0.67,0.52
200707,0.59,0.71,0.47
200708,0.57,0.73,0.42
200709,0.60,0.72,0.48
200710,0.60,0.83,0.37
200711,0.57,0.79,0.35
200712,0.49,0.77,0.20
200801,0.28,0.26,0.29
200802,0.33,0.47,0.19
200803,0.70,1.06,0.35
200804,0.52,0.62,0.42
200805,0.51,0.62,0.40
200806,0.48,0.64,0.33
200807,0.59,0.66,0.52
200808,0.53,0.64,0.42
200809,0.61,0.67,0.55
200810,0.68,0.90,0.45
200811,0.70,0.99,0.40
200812,0.59,0.75,0.43
200901,0.67,0.88,0.46
200902,0.54,0.66,0.42
200903,0.53,0.55,0.51
200904,0.57,0.63,0.51
200905,0.63,0.59,0.66
200906,0.68,0.73,0.63
200907,0.74,0.74,0.74
200908,0.71,0.75,0.66
200909,0.76,0.91,0.61
200910,0.69,0.83,0.55
200911,0.76,0.85,0.67
200912,0.71,0.76,0.66
201001,0.76,0.83,0.69
201002,0.83,0.96,0.70
201003,0.89,1.10,0.69
201004,0.87,1.14,0.61
201005,0.78,0.97,0.59
201006,0.70,0.91,0.50
201007,0.68,0.95,0.40
201008,0.65,0.89,0.42
201009,0.65,0.79,0.52
201010,0.69,0.91,0.47
201011,0.77,1.21,0.33
201012,0.51,0.65,0.37
201101,0.55,0.66,0.43
201102,0.51,0.61,0.42
201103,0.65,0.89,0.40
201104,0.67,0.85,0.48
201105,0.56,0.71,0.41
201106,0.62,0.79,0.45
201107,0.70,0.78,0.62
201108,0.69,0.75,0.64
201109,0.62,0.79,0.44
201110,0.66,0.93,0.40
201111,0.55,0.65,0.45
201112,0.58,0.87,0.29
201201,0.51,0.71,0.31
201202,0.52,0.62,0.41
201203,0.54,0.63,0.44
201204,0.72,1.01,0.43
201205,0.75,0.95,0.56
201206,0.70,0.99,0.42
201207,0.64,0.93,0.34
201208,0.67,0.82,0.51
201209,0.74,0.94,0.55
201210,0.78,0.91,0.65
201211,0.75,0.93,0.57
201212,0.53,0.51,0.55
201301,0.68,0.83,0.53
201302,0.60,0.71,0.49
201303,0.65,0.79,0.51
201304,0.60,0.70,0.49
201305,0.66,0.80,0.52
201306,0.71,0.81,0.60
201307,0.62,0.75,0.50
201308,0.69,0.77,0.61
201309,0.76,0.77,0.75
201310,0.68,0.80,0.56
201311,0.79,1.06,0.51
201312,0.70,0.89,0.52
201401,0.74,0.96,0.52
201402,0.58,0.74,0.43
201403,0.80,1.17,0.43
201404,0.79,1.05,0.54
201405,0.83,0.92,0.74
201406,0.72,0.92,0.53
201407,0.65,0.87,0.44
201408,0.82,1.02,0.62
201409,0.85,0.94,0.75
201410,0.79,0.96,0.62
201411,0.67,0.80,0.53
201412,0.80,1.12,0.48
201501,0.84,1.14,0.53
201502,0.88,1.16,0.61
201503,0.94,1.26,0.62
201504,0.82,1.05,0.58
201505,0.83,1.07,0.58
201506,0.87,1.09,0.64
201507,0.79,0.98,0.60
201508,0.84,1.08,0.60
201509,0.93,1.26,0.61
201510,1.07,1.27,0.86
201511,1.05,1.38,0.71
201512,1.12,1.51,0.74
201601,1.20,1.62,0.78
201602,1.34,1.86,0.82
201603,1.33,1.82,0.85
201604,1.14,1.47,0.81
201605,0.96,1.14,0.78
201606,0.85,1.17,0.52
201607,0.88,1.11,0.64
201608,1.00,1.15,0.86
201609,0.96,1.31,0.61
201610,0.87,1.06,0.68
201611,0.93,1.21,0.65
201612,0.90,1.16,0.64
201701,1.04,1.42,0.66
201702,1.10,1.44,0.77
201703,1.11,1.44,0.78
201704,0.95,1.21,0.69
201705,0.91,1.00,0.83
201706,0.77,1.03,0.52
201707,0.86,1.06,0.66
201708,0.88,1.10,0.65
201709,0.87,1.11,0.63
201710,0.92,1.12,0.72
201711,0.89,1.25,0.53
201712,0.96,1.46,0.47
201801,0.84,1.18,0.51
201802,0.89,1.30,0.49
201803,0.88,1.16,0.59
201804,0.91,1.02,0.79
201805,0.84,1.02,0.67
201806,0.80,0.98,0.62
201807,0.85,0.98,0.71
201808,0.82,0.98,0.66
201809,0.83,1.03,0.63
201810,1.02,1.32,0.72
201811,0.85,1.06,0.64
201812,0.94,1.19,0.70
201901,0.93,1.17,0.68
201902,0.92,1.08,0.75
201903,1.15,1.52,0.77
201904,1.05,1.31,0.78
201905,0.91,1.08,0.74
201906,0.92,1.22,0.61
201907,0.93,1.10,0.75
201908,0.94,1.17,0.71
201909,0.95,1.28,0.62
201910,1.02,1.36,0.69
201911,0.98,1.26,0.71
201912,1.12,1.45,0.79
202001,1.16,1.58,0.74
202002,1.21,1.68,0.74
202003,1.14,1.55,0.73
202004,1.14,1.42,0.85
202005,1.00,1.31,0.69
202006,0.94,1.20,0.68
202007,0.91,1.19,0.64
202008,0.91,1.19,0.62
202009,1.00,1.28,0.73
202010,0.91,1.27,0.55
202011,1.07,1.57,0.57
202012,0.83,1.25,0.40
202101,0.83,1.27,0.39
202102,0.65,0.93,0.38
202103,0.89,1.19,0.58
202104,0.80,1.16,0.45
202105,0.82,1.09,0.55
202106,0.85,1.21,0.49
202107,0.91,1.15,0.67
202108,0.88,1.11,0.66
202109,0.94,1.15,0.73
202110,0.99,1.33,0.65
202111,0.94,1.38,0.50
202112,0.90,1.23,0.56
202201,0.92,1.28,0.57
202202,0.90,1.21,0.59
202203,1.07,1.47,0.66
202204,0.88,1.17,0.60
202205,0.83,1.05,0.61
202206,0.93,1.18,0.68
202207,0.91,1.13,0.69
202208,0.92,1.24,0.60
202209,0.88,1.20,0.57
202210,0.96,1.34,0.58
202211,0.75,1.11,0.39
202212,0.82,1.12,0.52
202301,0.89,1.29,0.49
202302,1.02,1.37,0.68
202303,1.22,1.60,0.85
202304,0.99,1.06,0.92
202305,0.97,1.16,0.79
202306,1.08,1.27,0.89
202307,1.19,1.52,0.86
202308,1.27,1.63,0.90
202309,1.44,1.78,1.10
202310,1.37,1.91,0.83
202311,1.43,2.03,0.83
202312,1.39,1.93,0.85
202401,1.30,1.75,0.86
202402,1.42,1.86,0.98
202403,1.35,1.68,1.02
202404,1.28,1.70,0.86
202405,1.19,1.47,0.90
202406,1.22,1.57,0.87
202407,1.21,1.50,0.93
202408,1.27,1.48,1.06
202409,1.26,1.63,0.89
202410,1.33,1.74,0.93
202411,1.33,1.90,0.76
202412,1.28,1.79,0.78
202501,1.33,1.81,0.85